text,label
"En el congreso se debate y aprueban leyes, leyes que luego ser√°n acatadas y puestas en pr√°ctica por el poder judicial, ser√° por eso que primero van al congreso antes que ir al poder judicial?",0
"Hablan sin saber. Hace poco asesinaron a un vecino chofer a tres cuadras de mi casa por no pagar cupos. No tiene idea de lo que dice. Para muchos esto no es un debate en redes, es una cuesti√≥n de vida o muerte.",0
"Este impresentable detr√°s del bodrio que es ese debate",0
"Deber√≠a darte verg√ºenza Tahuichi. Entendimos los votantes que, el objetivo del "debate" no era desnudar a los candidatos, sino arroparse con propuestas de soluci√≥n a la crisis.",0
"Cual si fuesen novatos! dejaron que Lara violara casi todas las reglas del debate, si no hay penalizaci√≥n este tipo de situaciones inc√≥modas seguir√°n sucediendo.",0
"No moderaron nada, dejaron que Lara violara casi todas las reglas del debate, si no hay penalizaci√≥n este tipo de situaciones inc√≥modas seguir√°n sucediendo.",0
"Que comentario parcializado, resentido y mal intencionado de su parte. Las propuestas son "hablar del futuro", proposiciones, ideas, promesas en base a una realidad . Y que Lara tuvo a su favor un tema no es el esp√≠ritu de un debate‚Ä¶ Que bien desprop√≥sito‚Ä¶.",0
"VOCAL TAHUICHI EL DEBATE VICEPRESIDENCIAL: "QUISI√âRAMOS TENER JUGADORES DE TALLA, PERO ES LO QUE TENEMOS"",0
"Debate por el balotaje en Bolivia: Gan√≥ la estrategia, perdi√≥ la agenda medi√°tica",0
"DEBATE PRESIDENCIAL, LA PINTANA 2025 https://www.youtube.com/watch?si=8CMG4CTkQPLM8Sed&v=pw91RWkzvdE&feature=youtu.be a trav√©s de @YouTube",1
"Sala Plena del TSE definir√° este martes los ejes tem√°ticos del debate presidencial, se√±ala vocal √Åvila",1
"Era el disfraz, termin√≥ el debate y pr√°cticamente la bot√≥‚Ä¶ as√≠ de hip√≥crita es el paco",0
"üî¥En VIVO Confirman debate vicepresidencial por RTP y Radio Deseo este mi√©rcoles desde las 20.00 #NoMentir√°s",1
"Debate por el balotaje en Bolivia: Gan√≥ la estrategia, perdi√≥ la agenda medi√°tica Los que esperaban el debate de los dos candidatos a vicepresidente de Bolivia para ver qui√©n golpea, qui√©n cae, qui√©n sangra, como si fuera un ring de boxeo, se quedaron con los crespos hechos pero m√°s decepcionada qued√≥ la ciudadan√≠a que esperaba dilucidar cu√°l de los dos postulantes pod√≠a perfilarse m√°s claramente como el mejor segundo mandatario de la elecci√≥n del 19 de octubre. ‚úÖAqu√≠ el texto completo:  üìé https://t.co/6U3LdeL3P6 Suscripci√≥n gratuita por email:",0
"#FuegoCruzado üó≥ La comunicadora social Ver√≥nica Rocha analiza el debate vicepresidencial llevado a cabo el pasado domingo, organizado por el TSE, entre los candidatos Juan Pablo Velasco y Edman Lara.",1
"#FuegoCruzado üó≥ El analista pol√≠tico Edgar S√°nchez se refiere al debate vicepresidencial llevado a cabo el pasado domingo, organizado por el TSE, entre los candidatos Juan Pablo Velasco y Edman Lara.",1
"#FuegoCruzado üó≥ La historiadora y comunicadora Sayuri Loza analiza el debate vicepresidencial llevado a cabo el pasado domingo, organizado por el TSE, entre los candidatos Juan Pablo Velasco y Edman Lara.",1
"#FuegoCruzado üó≥ La historiadora y comunicadora Sayuri Loza analiza el debate vicepresidencial llevado a cabo el pasado domingo, organizado por el TSE, entre los candidatos Juan Pablo Velasco y Edman Lara.",1
"#ElXQDeLasNoticias ‚ñ∂ El debate vicepresidencial organizado por el TSE termin√≥ m√°s marcado por las injurias que por las propuestas. RTP y Radio Deseo organizan un debate alternativo para este mi√©rcoles, que contar√° con una metolodog√≠a diferente.",0
"APLP califica de fracaso debate vicepresidencial y pide que periodistas conduzcan el encuentro presidencial del domingo 12 https://estudio99.com.bo/aplp-califica-de-fracaso-debate-vicepresidencial-y-pide-que-periodistas-conduzcan-el-encuentro-presidencial-del-domingo-12/",0
"Tahuichi sobre el debate: ‚ÄúHemos visto desnudos a los candidatos a vice, es lo que tenemos‚Äù https://correodelsur.com/politica/20251006/tahuichi-sobre-el-debate-hemos-visto-desnudos-a-los-candidatos-a-vice-es-lo-que-tenemos.html",0
"Ni en un debate pol√≠tico lo que menos se espera es cordialidad, es un espacio de enfrentamiento  planificado con anticipaci√≥n, la debilidad  del oponente y la capacidad de sacar ventaja de ello, determinan al vencedor...bueno lo vieron...ya saben qui√©n gan√≥.",1
"#AMUN | Arias sobre el debate vicepresidencial: ‚ÄúAmbos perdieron, perdi√≥ el pa√≠s‚Äù. Lee la nota completa aqu√≠ üìé https://amun.lapaz.bo/arias-sobre-el-debate-vicepresidencial-ambos-perdieron-perdio-el-pais/ . #LaPaz #GAMLP",0
"Francamente, m√°s que lo que se ha dicho en ese debate, me preocupa la falta de consistencia del programa de gobierno de @tutoquiroga Si llega a ser gobierno y aplica ese programa, nos terminamos de ir al diablo. Te recomiendo que lo revises en detalle",0
"Este corrupto quiere ascender gente que no le corresponde para asi tambien tener a la pnp bajo control. Al caballazo sin debate, sin opinion de expertos. Menos mal que lo han parado.",0
"#BOLIVIA La Asociaci√≥n Nacional de Periodistas de Bolivia acepta la invitaci√≥n de RTP y Radio Deseo para ser parte del debate vicepresidencial alternativo que se llevar√° a cabo este mi√©rcoles por la noche.",1
"Dicen que el miercoles habra debate de los mismos en LPZ . Estaran frente a la machorra ,circo seguro. Por higiene mental JP no debe asistir grite quien grite. Se imaginan al OPA y la Machorra juntos contra JP?  Tomen previsiones y manden a rodar a esos indecentes.",0
"Deber√≠an para el debate de los presidenciables modificar las reglas de juego. Los panelistas tienen que tener libertad de hacer preguntas  claras a los candidatos. El tiempo de respuesta 2 \ ", una vez respondidas ,se d√° 1 minuto a cada candidato para hacer ? Al otro. As√≠ avanzamos",1
"- @Rodrigo_PazP luego del debate de Lara: Ahora que historia me invento con semejan te üí©üí©üí© Y zas cholita, sale la historia de los bot√≠nes que tiene por m√°s de una d√©cada y que est√°n echas mier..üòÇü§£",0
"‚ÄòPens√© que iba a ser dif√≠cil encontrar un peor vicepresidente de Choquehuanca‚Äô, Carlos Saavedra sobre el debate vicepresidencial entre JP y Lara #LaRazonPlus #LaRazonDigital #LaRazonDigital #Bolivia #Elecciones2025 #Debate #Lara #Velasco",0
"@ANBOLIVIA: TAHUICHI SOBRE EL DEBATE: ‚ÄòHEMOS VISTO DESNUDOS A ... https://anbolivia.blogspot.com/2025/10/tahuichi-sobre-el-debate-hemos-visto.html?spref=tw",0
"#LaPaz El senador Flores advirti√≥ que si la Comisi√≥n de Constituci√≥n no debate esta semana la suspensi√≥n de vocales del TSE, el proyectista Vargas podr√° pedir su tratamiento directo en el Pleno. #abyayalatv #prorroga #tsebolivia",0
"¬øQu√© estrategia desplegaron Lara y JP Velasco en el debate vicepresidencial? https://eju.tv/2025/10/que-estrategia-desplegaron-lara-y-jp-velasco-en-el-debate-vicepresidencial/ a trav√©s de @ejutv",1
"Se vio un Juan Pablo Velasco ‚Äòacartonado‚Äô: ‚ÄòPerdi√≥ la oportunidad de clausurar el tema de los tuits‚Äô, se√±ala analista. #LaRazonPlus #LaRazonDigital #LaRazonDigital #Bolivia #Elecciones2025 #Debate #Lara #Velasco",0
"Tahuichi sobre el debate: ‚Äòhemos visto desnudos a los candidatos a vice, es lo que tenemos‚Äô https://eju.tv/2025/10/tahuichi-sobre-el-debate-hemos-visto-desnudos-a-los-candidatos-a-vice-es-lo-que-tenemos/ a trav√©s de @ejutv",0
"Expertos analizan el desempe√±o de Lara: ‚ÄòAyer la m√∫sica la puso √©l‚Äô #LaRazonPlus #LaRazonDigital #LaRazonDigital #Bolivia #Elecciones2025 #Debate #Lara #Velasco",1
"Para el proximo debate me gustar√≠a sugerir al @TSEBolivia que seleccione temas √∫tiles que sirvan para que la poblaci√≥n efectivamente se entere qu√© proponen los candidatos y de qu√© modo van a cumplirlo. Los temas de ayer no ten√≠an norte.",0
"El debate vicepresidencial se hizo al margen de la ‚Äòespectacularizaci√≥n‚Äô de la pol√≠tica #LaRazonPlus #LaRazonDigital #LaRazonDigital #Bolivia #Elecciones2025 #Debate #Lara #Velasco",1
"Que el cabeza de poto de  Cu√©llar diga que Lara ‚Äúdio c√°tedra‚Äù solo confirma que ambos desconocen lo que es un verdadero debate. Entre improvisados se entienden y bueno un masista defendiendo a Lara, ya sabemos por d√≥nde va la cosa.",0
"Uno hablo sin sentido y atracando y el otro habl√≥ correcto pero no qued√≥ una idea clara sobre su discurso. Creo, por lo que leo, que Lara sali√≥ mejor parado del debate. Pfffff",1
"Terminando el debate se la quit√≥, √©so es lo peor.",0
"#NoticieroPopular üó≥Analista lamenta que en el debate vicepresidencial llevado a cabo este pasado domingo entre los candidatos Juan Pablo Velasco y Edman Lara hayan primado los ataques entre ambos en lugar de la presentaci√≥n de propuestas para el pa√≠s.",0
"#NoticieroPopular üó≥El vocal del TSE, Tahuichi Tahuichi, destaca el debate vicepresidencial llevado a cabo este pasado domingo, aunque admite algunas falencias que promete mejorar para el debate presidencial.",1
"#NoticieroPopular üó≥ Parlamentarios destacan la importancia del debate vicepresidencial alternativo que organiza RTP y Radio Deseo, que se llevar√° a cabo este mi√©rcoles en la noche. "Los candidatos deber√≠an asistir por el bien de la democracia", afirman.",1
"Gan√≥ alguien el debate? https://twitter.com/i/broadcasts/1ypJdqMWMmQxW",1
"#ANBNEws|#BreakingNews ESTOS SON LOS DOS CAMBIOS URGENTES QUE SUGIEREN PARA EL DEBATE PRESIDENCIAL #Bolivia|#ElAlto|#LaPaz",1
"donde el pensamiento cr√≠tico se diluye entre consignas vac√≠as y actas prefabricadas. No hay debate, no hay reclamo, no hay escucha; solo hay sumisi√≥n. Recuerdo que durante las protestas del 11 de julio de 2021, el presidente del Tribunal Supremo declar√≥ declar√≥ ante la televisi√≥n",0
"Pienso igual,  JP pierde m√°s yendo al debate/barricada con Galindo/Lara que faltando.",0
"#LaRazonPlus #LaRazonDigital #LaRazonDigital #Bolivia #noticias #Elecciones2025 #TribunalSupremoElectoral #SegundaVuelta2025",1
"FALTAN 14 D√çAS PARA EL BALOTAJE EN BOLIVIA Pas√≥ el debate de Vicepresidenciables, demostraron que no estan preparado para ser Vicepresidente. Pocas propuesta por parte de #JPVelasco, y el otro se dedic√≥ a insultar, acusar, no respetar las reglas. Muy bajo el nivel del debate",0
"Es bien curioso como cuando entro a los Spaces q hacen Edu o Ruben nos agarramos a debate, hay mucha discrepancia, no estamos d acuerdo casi en nada y a√∫n as√≠, dicen q estamos organizados, coordinados e incluso financiados Casualmente, los q nos acusan cuando hacen sus espacios para 50 personas siempre est√°n coordinados, organizados y tienen un l√≠der al q le copian los argumentos e incluso el vocabulario y se la chupan p√∫blicamente La gente no es tonta muchachos",0
"No s√© qu√© debate vio el gordito, no sabe c√≥mo quedar bien con ambos bandos.",0
"No se muy bien como explicarlo pero JP ayer estuvo todo el debate haciendo esta mirada",0
"El que la pas√≥ bien en el debate fue @esgravesiempre hicieron muchos edits de su live en Tik Tok.",1
"C√≥mo es posible que √©ste cholo ignorante est√© aspirando al segundo cargo m√°s importante en el pa√≠s? Qu√© hicimos mal como pa√≠s, como sociedad? Tengo la esperanza que luego del debate haya quedado claro para todos los que desean el bien para Bolivia, por qui√©n votar el domingo 19!",1
"Se viene el gran debate TUTO - PAZ ,ahi veremos cual es realmente capaz de tomar el control del pais.",1
"Que debate viste? Agarrarse del racismo como ventaja es patear al aire, que bien que no consider√© votar por vos con esa perspectiva que ten√©s, te sigue doliendo las derrotas pero de verdad no estas a la altura de ser presi, no ni en su campa√±a pudo decir algo cre√≠ble",0
"Bolivision traro de darle al debate seriedad con sus panelistas. Bien x Coca,Zambrana. No puedo opinar lo mismo de GALINDE. Machorra con cara de √≥dio,desprecio,y analisis destilando mierda ,aparte de payasa en sus presentaciones. Por favor hnos pace√±os hagan algo esa y el opa üò°",0
"Que debate viste? Agarrarse del racismo como ventaja es patear al aire, que bien que no consider√© votar por vos con esa perspectiva que ten√©s, te sigue doliendo las derrotas pero de verdad no estas a la altura de ser presi, no ni en su campa√±a pudo decir algo cre√≠ble",0
"Seg√∫n el senador,  con el debate vicepresidencial qued√≥ claro que el PDC representa a  grandes mayor√≠as y ‚Äúno a unas minor√≠as que desprecian hasta el vendedor  ambulante‚Äù. https://correodelsur.com/politica/20251006/paz-destaca-la-cordura-de-lara-y-afirma-que-velasco-lo-discrimino-al-decirle-pajpaku.html a trav√©s de @correodelsurcom",1
"Lara fue a un careo y JP a un debate as√≠ no se puede pero qued√≥ claro que Binomio tiene planes, para Bolivia üáßüá¥ el otro solo dice que en Bolivia sobra dinero üí∞ siguen prometiendo cielo y tierra y no saben de donde saldr√°n los recursos",1
"Ahora ya sabemos tu postura pol√≠tica, te ten√≠a en lo alto como analista pol√≠tico, al decir que ese opa doble gano el debate ,dejas claro que la patria es lo menos que te intereza",0
"üáßüá¥ Bolivia merece un cambio radical. Despu√©s de ver el debate de candidatos a vicepresidente, me queda m√°s claro que nunca: no podemos seguir atrapados en el pasado. #EsConTutoyJP",1
"Anoche qued√≥ claro qui√©n est√° preparado‚Ä¶ y qui√©n da verg√ºenza. Juan Pablo Velasco subi√≥ al debate con ideas, propuestas y liderazgo. Edman Lara lleg√≥ con gritos, insultos y contradicciones. Mientras uno hablaba del futuro, el otro convirti√≥ el escenario en un basurero verbal. Porque cuando no hay ideas, aparece el odio. Y cuando el que practica la guerra sucia se victimiza‚Ä¶ es porque ya no tiene argumentos. Bolivia no necesita agitadores con micr√≥fono. Necesita l√≠deres con respuestas. Y anoche, nos sentimos profundamente orgullosos de Juan Pablo Velasco: firme, claro, respetuoso, preparado. Como debe ser. Lara no debati√≥. Atac√≥. No respondi√≥. Agredi√≥. No propuso. Se desbord√≥. Como siempre. Lo vimos todos: Un joven l√≠der al que da gusto escuchar‚Ä¶ Y un candidato al que da verg√ºenza ver.",1
"Chicanero sin gracia ni respeto por los moderadores, sin la m√≠nima de educaci√≥n lo de Lara as√≠ todo el debate tirando mierda cuando hab√≠a que proponer soluciones, esta claro que futuro esperanzador solo podemos encontrarlo con uno",1
"Del ‚Äúdebate‚Äù entre tonto, retonto y malos presentadores, s√≥lo queda claro que hay que seguir investigando la estafa del banco Fassil y las expresiones racistas",0