tweet_id,text,label
1975096428910539148,"Un debate con una producci√≥n vergonzosa los moderadores le tuvieron miedo a Lara para decirle callate respeta!! Un debate Lara solo atac√≥ y no supo proponer para las tem√°ticas, un JP intimidado aunque con inter√©s de proponer, se aplaz√≥ el TSE mucho miedo a Lara incre√≠ble ü§¶üèª‚Äç‚ôÇÔ∏è",negative
1975082633643069630,"Anoche qued√≥ claro qui√©n est√° preparado‚Ä¶ y qui√©n da verg√ºenza. Juan Pablo Velasco subi√≥ al debate con ideas, propuestas y liderazgo. Edman Lara lleg√≥ con gritos, insultos y contradicciones. Mientras uno hablaba del futuro, el otro convirti√≥ el escenario en un basurero verbal. Porque cuando no hay ideas, aparece el odio. Y cuando el que practica la guerra sucia se victimiza‚Ä¶ es porque ya no tiene argumentos. Bolivia no necesita agitadores con micr√≥fono. Necesita l√≠deres con respuestas. Y anoche, nos sentimos profundamente orgullosos de Juan Pablo Velasco: firme, claro, respetuoso, preparado. Como debe ser. Lara no debati√≥. Atac√≥. No respondi√≥. Agredi√≥. No propuso. Se desbord√≥. Como siempre. Lo vimos todos: Un joven l√≠der al que da gusto escuchar‚Ä¶ Y un candidato al que da verg√ºenza ver.",negative
1975074979436958095,"Moderadores del debate: qu√© propuestas plantea para reformar el estado y atraer d√≥lares e inversiones? Lara: a ver mira tu tuit racista JP di algo",negative
1975058204355944694,"El invitado confundi√≥ un debate con un palenque... Ha debido querer que se agarren a sopapos para ver quien pega m√°s fuerte y as√≠ decidir quien gan√≥. Perdido en su concepci√≥n de debate. Impresentable",negative
1975054530158211486,"Cordura? ü§£‚òùÔ∏èü§£ Parece que este PazPaco @Rodrigo_PazP ven√≠a de otro debate. Porque ""cordura"" ha sido lo √∫ltimo que ha demostrado, y evidentemente no vio ni escucho a su vicepresidenciable.",negative
1975053263449071825,"Lara dec√≠a d√≠as atr√°s: ""el colla sino la caga a la entrada la caga a la salida"", y literalmente en el debate, √©l, la cag√≥ por todo lado, a la entrada, al medio y a la salida üòÖ.",negative
1975052547288440900,"Un #debate vac√≠o entre 1 #racista y 1 energ√∫meno sin conocimiento de sus propuestas, resultados de un #ProcesoElectoral MANIPULADO que ha excluido a las verdaderas mayor√≠as pretendiendo dividir al #BloqoePopular y proscribiendo a su candidato #leg√≠timo, @evoespueblo.",negative
1975052226340237527,"Con raz√≥n los masistas est√°n apoyando al PDC, el ordinario de Lara result√≥ igualito a Evo. En una hora de debate este tipo no expuso ni una propuesta, pura acusaciones.",negative
1975050077581517214,"EL DEBATE VICEPRESIDENCIAL TRANSCURRI√ì ENTRE ACUSACIONES, PROPUESTAS Y ERRORES DE PARTE DE LOS MODERADORES Leer m√°s üëâ https://oxigeno.bo/politica/68430",negative
1975049955879620748,"El miope de SamueLITIO tratando de aventajar a su ya desfavorecido ExCapitan Lara, con la palabra de aventajado. Y minimizando al √∫nico que dio respuestas claras. Samuel ni en su campa√±a pudo decir algo cre√≠ble que si su debate de √©l hubiera sido contra Velasco habr√≠a perdido",negative
1975049724446245374,"Lo que el pueblo vio en el debate.",negative
1975048197249835078,"S√≠ tu √∫nico logro en un debate es llamar a alguien racista, realmente fuiste a debatir? La muletilla m√°s fue usar el racismo, que ojo 20 a√±os los masistas separaron a este pa√≠s con ese veneno. Samuel deje de respirar por la herida, ya es adulto, no se ve serio.",negative
1975048161833193863,"Yo qued√© as√≠ con solo ver el debate.",negative
1975046410845491595,"Para que poner reglas al debate? Si igual las incumplieron? Si hay reglas debe existir medidas ej. suspender debate. ‚ÄúEl que necesita saltarse las reglas para ganar, ya perdi√≥.‚Äù",negative
1975043536312488018,"FALSO. NO PRONUNCI√ì LA PALABRA JUBILADOS. Vaya y vea el debate otra vez. No se equivoque as√≠, Rodrigo merece m√°s prolijidad en su equipo. Improvisaci√≥n es lo que sobra.",negative
1975042758776934819,"üü† #Visi√≥n360 |  ‚ÄúPobre‚Äù y carente de propuestas, as√≠ califican al debate vicepresidencial entre Lara y Velasco #Visi√≥nElectoral #Elecciones2025 https://www.vision360.bo/noticias/2025/10/05/32708-pobre-y-con-carencia-de-propuestas-asi-califican-al-debate-vicepresidencial-entre-lara-y-velasco",negative
1975042702849999250,"Seeeee, pienso as√≠ tambi√©n, quiere el debate para ser protagonista ella.",negative
1975042404165005633,"Una decepci√≥n Espinoza, siempre exigi√≥ debate y ahora anda como la no senadora Bejarano, un quemazo juntarse con Lara.",negative
1975042383047012546,"Juan Pablo Velasco, candidato a la Vicepresidencia de Libre, llama ‚ÄúEvo‚Äù a su rival Edman Lara, del PDC, durante el debate de este domingo.",negative
1975042027726508394,"La participaci√≥n de Lara tuvo dos ejes: racismo y corrupci√≥n. Eso llega a la gente. JP Velasco intent√≥ ser m√°s program√°tico, pero fue d√©bil y confuso. El formato de debate elegido no sirve. Los periodistas invitados de adorno.",negative
1975041725715579211,"El periodismo anda mal por conclusiones como la d este Sr. q ve en un debate a alguien q quiere zafarse de acusaciones seg√∫n el importantes haciendo propuestas con visi√≥n de futuro. Las acusaciones q la presente a la justicia a mi me importa un r√°bano, el debate es para propuesta",negative
1975041649505132948,"Una prueba antidoping hubiese sido necesaria  antes del debate vice presidencial. Algo no estaba muy bien por ah√≠. Para el del pr√≥ximo domingo ojal√° lo hagan. Parece que el MAS ya est√° repartiendo sus pasteles especiales...",negative
1975040655450935417,"El debate es una cancha pugilista. El debate de hoy fue cualquier cosa.",negative
1975037624994967783,"@ANBOLIVIA: TENSO Y CORTO DEBATE ENTRE CANDIDATOS MINIMIZA PRO... https://anbolivia.blogspot.com/2025/10/tenso-y-corto-debate-entre-candidatos.html?spref=tw #DebateVicepresidencial|#Bolivia|#SantaCruz",negative
1975037379141656894,"@ANBOLIVIA: TENSO Y CORTO DEBATE ENTRE CANDIDATOS MINIMIZA PRO... https://anbolivia.blogspot.com/2025/10/tenso-y-corto-debate-entre-candidatos.html?spref=tw",negative
1975036981827797028,"@ANBOLIVIA: ACUSACIONES MARCAN EL DEBATE VICEPRESIDENCIAL ENTR... https://anbolivia.blogspot.com/2025/10/acusaciones-marcan-el-debate.html?spref=tw",negative
1975036692286558698,"En pol√≠tica #TodoComunica: gestos, palabras, silencios, miradas, tono, vestimenta, ideolog√≠a‚Ä¶ incluso lo que se omite transmite. La #comunicaci√≥n no es accesorio, es poder. Los rostros del debate vicepresidencial resumen c√≥mo empez√≥ y c√≥mo termin√≥. #ComPol #Comunicaci√≥nPol√≠tica",negative
1975035785306128882,"Por los tweets pareciera que el perdedor del debate es todos los que lo vieron",negative
1975035709322109195,"Debate: Lara evita presentarse y ataca a Velasco sobre sus presuntos tuits racistas https://correodelsur.com/politica/20251005/debate-lara-evita-presentarse-y-ataca-a-velasco-sobre-sus-presuntos-tuits-racistas.html a trav√©s de @correodelsurcom",negative
1975035459400323380,"Tenso y corto debate entre candidatos minimiza propuestas https://larazon.bo/nacional/2025/10/05/tenso-y-corto-debate-entre-candidatos-vicepresidenciales/",negative
1975034953667891434,"Tremenda REVOLCADA a Edman Lara en el debate de vicepresidentes organizado por el TSE. #PDC #PartidoDeCojudos #EdmanLara #RodrigoPaz #NEOMASISTAS",negative
1975034816371597330,"#Breakingnews Los candidatos del Partido Dem√≥crata Cristiano (PDC), Edmand Lara,y de la alianza Libre,Juan Pablo Velasco,utilizaron el debate de este domingo para cruzar acusaciones sobre las pol√©micas que surgieron durante la campa√±a rumbo a la segunda vuelta del domingo 19Oct",negative
1975034093307109666,"#Breakingnews Los candidatos del Partido Dem√≥crata Cristiano (PDC), Edmand Lara,y de la alianza Libre,Juan Pablo Velasco, utilizaron el debate de este domingo para cruzar acusaciones sobre las pol√©micas que surgieron durante la campa√±a rumbo a la segunda vuelta del domingo 19Oct",negative
1975033412626043237,"Lara inicio el debate con patada voladora, con eso era suficente, no era necesario gastar todo el tiempo tratando el mismo tema.",negative
1975033175878574337,"Conclusi√≥n del debate, no se puede debatir con paco, ten√©s raz√≥n, te dejas ganar o le pagas la coima.",negative
1975032532233265488,"#AHORA|#Breakingnews ACUSACIONES MARCAN EL DEBATE VICEPRESIDENCIAL ENTRE LARA Y VELASCO #Bolivia|#ElAlto|#LaPaz",negative
1975032479674429789,"#AHORA|#Breakingnews ACUSACIONES MARCAN EL DEBATE VICEPRESIDENCIAL ENTRE LARA Y VELASCO #Bolivia|#ElAlto|#LaPaz",negative
1975032444471705786,"Este debate vicepresidencial no va a cambiar la opini√≥n de nadie. El que es resentido va a votar a Rodrigo Paz y los dem√°s a Tuto. Normalmente los resentidos son mayor√≠a en este pa√≠s pero no sabemos cuantos van a cambiar su voto. Est√° pa cualquiera.",negative
1975031537260433414,"Con todas las huevadas que el paco dijo previo al debate, la elecci√≥n estaba servida. Pero no les da el nivel a Tuto ni a JP para aprovecharlo. Esa mierda decirle ""evo"" en vez de ""edman"" son√≥ tan cringe que estoy 100% seguro que es idea de Tuto.",negative
1975030243862925552,"Chicanero sin gracia ni respeto por los moderadores, sin la m√≠nima de educaci√≥n lo de Lara as√≠ todo el debate tirando mierda cuando hab√≠a que proponer soluciones, esta claro que futuro esperanzador solo podemos encontrarlo con uno",negative
1975030169086701635,"Acusaciones marcan el debate vicepresidencial entre Lara y Velasco https://eju.tv/2025/10/acusaciones-marcan-el-debate-vicepresidencial-entre-lara-y-velasco/ a trav√©s de @ejutv",negative
1975030012983337079,"Cada quien se dirigi√≥ a sus votantes, no se esforzaron por llegar a un p√∫blico m√°s amplio. El formato de debate elegido no sirve. Los periodistas de adorno. No creo q haya servido para variar intenciones de voto.",negative
1975029883580666243,"Basura de debate, hoy perdi√≥ Bolivia, un payaso tratando de victimizarce y sumar el voto resentido y un ‚Äúbuenudo‚Äù incapaz de responder a los ataques con la firmeza que corresponde, ninguno tiene la talla del cargo al que aspiran. Propuestas claras, las grandes ausentes",negative
1975029698846761253,"Lara es un fifa cualquiera que se fue al debate despu√©s de festejar el repechaje.",negative
1975029530315378725,"Edmand Lara del PDC y Juan Pablo Velasco de Libre participaron del in√©dito debate vicepresidencial para el balotaje. https://www.opinion.com.bo/articulo/pais/acusaciones-marcan-debate-vicepresidencial-lara-velasco/20251005224359981196.html",negative
1975028477280588007,"‚Äú¬øVan a controlar las redes?‚Äù: el tema que enfrent√≥ a Lara y Velasco en el debate vicepresidencial https://eju.tv/2025/10/van-a-controlar-las-redes-el-tema-que-enfrento-a-lara-y-velasco-en-el-debate-vicepresidencial/ a trav√©s @ejutv",negative
1975028331285500012,"Cu√°l debate viste?O viste un TikTok de Lara para decir tremendo argumento de que Lara gan√≥ el debate?Vuelvo a decir,que no te llevar√°n como moderador no deber√≠a afectar tu ojo cr√≠tico de las cosas.Para bola a lo que escribes para no pasar un simple periodista.",negative
1975027734255751370,"Tmb pienso lo mismo, pero las elecciones son en 2 semanas, no le iba a dar tiempo de volver a lavar su imagen y todo el trabajo que hizo se va ir al tacho. Nosotros podemos verlo como un error y la disculpa lo salva, pero la cantidad de gente que no lo va entender es considerable",negative
1975027662872780929,"1. El debate refuerza mi decisi√≥n de votar en blanco. 2. Tr√°gicamente, el espect√°culo de los candidatos es solo eso, espect√°culo. 3. Son tiempos muy cortos de participacion para ser debate. #EleccionesBo",negative
1975027372647923746,"Quien mier.. es ese tipejo Armando Ortu√±o? Que debate mir√≥? Disque Lacra confronto y se hizo respetar y JP no dijo nada seg√∫n el ü§£.",negative
1975027372161434011,"Yo creo que lo har√°  a partir de hoy no de disculparse pero si de demostrar que no lo hizo, parece que esperaba de adrede el debate para que Lara lo ataque y lo dej√© en rid√≠culo ü§°",negative
1975027304305963222,"Pero que debate es el que vio Armando Ortu√±o? se√±or por favor no intente tapar el sol con un dedo. Lara no tiene un peso de clase, el tipo juro que estaba en el abasto gritando a la gente",negative
1975027199049904239,"Y dijo que Lara domin√≥ el debate porque estaba mas preparado jajaja Creo que no vimos el mismo debate.",negative
1975027053075587460,"Cualquier debate con un mono neuronal como lara es ventajoso",negative
1975026585901363683,"#RTPInforma üó≥ Concluye el debate vicepresidencial: Pocas propuestas y m√°s injurias marcan la discusi√≥n entre Lara y Velasco üëâLee la nota en el enlace: https://rtpbolivia.com.bo/politica/concluye-el-debate-vicepresidencial-pocas-propuestas-y-mas-injurias-marca-la-discusion-entre-lara-y-velasco/",negative
1975026377004065261,"Si despu√©s de ver el debate quer√©s seguir votando por Lara te mereces el gobierno de mierd que nos va a tocar con ellos.",negative
1975026138750791913,"Paz Pereira tras el debate: ""Nos dijo Pazpacu, eso es discriminaci√≥n, ustedes no lo notaron""",negative
1975026028360966234,"El debate vicepresidencial fue una oportunidad perdida para los ciudadanos, y los candidatos. La pobreza en las preguntas solo se equipar√°n a la pobreza en las respuestas. Quedaron en la nebulosa la salud, la seguridad, la educaci√≥n, la gestora, y un largo etc.",negative
1975026011361476887,"Que debate vio Armando Ortu√±o?",negative
1975025931061522779,"Eficaz?????? En q??? No supo nibusar su tiempo. Q debate viste??",negative
1975025887214231928,"Lara Preguntando: #Elecciones2025 #debate #LARA #JP",negative
1975025695576437095,"Del ‚Äúdebate‚Äù entre tonto, retonto y malos presentadores, s√≥lo queda claro que hay que seguir investigando la estafa del banco Fassil y las expresiones racistas",negative
1975025630426358072,"Verg√ºenza ajena con los periodistas ü´£ ¬øqu√© les pas√≥? Un debate que nos muestra a las futuras autoridades en #Bolivia.",negative
1975025620519444614,"Perd√≠ el debate, aparte de decir que no es economista y no dejar√≠a ese tema, ¬øPropuso algo? ¬øVali√≥ la pena su presencia? O se dedic√≥ a hacer aquello en lo que es experto insultar?",negative
1975025145447321903,"Me perd√≠ el debate",negative
1975024904375595138,"#AsuntosCentrales| Lo que dijo el candidato Juan Pablo Velasco al tambi√©n candidato Edmand Lara, luego de que este mencionara en el debate el caso del Banco Fassil y lo acusara de estar involucrado.",negative
1975024425776087466,"Fiel a su estilo, Lacra volvi√≥ a confundir el debate con un ring. Parece que las horas de ‚Äúestudio‚Äù no alcanzaron para aprender a argumentar con altura. ‚òùüèºüòÜüòµ‚Äçüí´",negative
1975023984937672766,"En una de las primeras pol√©micas del debate vicepresidencial, Edmand Lara increp√≥ a Juan Pablo Velasco sobre los recursos del extinto Banco Fassil. El candidato del Libre acus√≥ a su rival de romper las reglas del encuentro.",negative
1975023739516674530,"Uno habl√≥ de incentivos y otro de sanciones, uno propuso y otro atac√≥, uno habla de futuro y otro del pasado, uno habla en 1ra persona y otro en 3ra persona. Ninguno hablo del como, solo de que hay que hacer Este es el nivel de debate en Bolivia, pobre, pero al menos hay",negative
1975023481344675874,"Para Lara, tiktoker desde la comodidad de su casa destilando odio y una supina ignorancia fu√© facilingo. Pero en el debate, dif√≠cil fue hablar de econom√≠a, de empleo o de futuro. Ah√≠ se acab√≥ el show, no hay propuesta, ni plan, ni idea. Solo odio disfrazado de pol√≠tica.",negative
1975023411312345515,"Resumen del ""debate"". Gan√≥ la calle.",negative
1975022935003005234,"Me pareci√≥ que los temas del debate o c√≥mo los organizaron no estaba bien. Me result√≥ una mezcla de todo sin una finalidad concreta.",negative
1975022797853430080,"Dios que debate m√°s m√°s asqueroso de parte de Lara",negative
1975022755130298825,"Una hora de debate me parece poco para saber de las propuestas para salvar un pa√≠s, peor cuando ese tiempo se lo utiliza m√°s para atacar al otro.",negative
1975022696380719387,"Luego de ver el debate, s√≥lo queda clara una cosa.",negative
1975022599790080174,"¬øQue? ¬øNo fue con Evo el debate? Creo que yo v√≠ otro canal. El mismo tipo ignorante.",negative
1975022500145946691,"Juan Pablo Velasco ve dif√≠cil asistir al debate de RTP. ""Tenemos 9 d√≠as para hacer campa√±a y una agenda apretada"".",negative
1975022110386077829,"Los analistas y personas que dicen que el mejor en el debate fue Lara, qu√© debate vieron? Y ojo que ese analista de unitel es hermano de un exministro de Evo",negative
1975021519115010336,"Los moderados se aplazaron. Interrumpieron por las razones incorrectas. Se rompieron las reglas del debate y dejaron pasar.",negative
1975021266185920876,"Lo parafraseas despu√©s de que todo el debate fue un ataque , queriendo denigrar al otro candidato.",negative
1975021212892807516,"De d√≥nde sali√≥ ese gordo masista que dice que Lara lo sorprendi√≥ en el debate, no puede ser tan sinverg√ºenza.",negative
1975021157079478462,"Ortu√±o d√≥nde viste el debate?",negative
1975020864522608818,"Que desperdicio de tiempo este debate en particular",negative
1975020845295923658,"#AsuntosCentrales| El candidato Edmand Lara mencion√≥ en el debate la pol√©mica de los tuits racistas y afirm√≥ que Juan Pablo Velasco no tuvo la humildad para disculparse.",negative
1975041281408811471,"Se quejan que el debate vicepresidenci fue un desastre. Yo digo, por lo menos ya hay debates, antes ni eso hab√≠a.",positive
1975036017041449229,"JP Velasco pudo haber llevado al debate los frondosos expedientes de los delitos y extorsiones de Lara. Pero  no baj√≥ al barro, prefiri√≥ hablarle al pa√≠s de su programa de gobierno y no de miserias. Eso se llama liderazgo. üáßüá¥üí™",positive
1975031206136996103,"JP gan√≥ tranqui el debate. Edman Lara se mostr√≥ muy inc√≥modo, dubitativo, nervioso y agresivo. Us√≥ la √∫nica carta que ten√≠a hasta la trivializaci√≥n. Incumpli√≥ la reglas a vista y paciencia de los moderadores. Improvis√≥ sobre la marcha e hizo al menos un par de rid√≠culos.",positive
1975028218538381570,"No hac√≠a falta el debate para resaltar esto, creo que lo m√°s importante del debate es dejar al descubierto al masismo disfrazado en Lara.",positive
1975027099720409570,"la mejor parte del debate si me lo pregunta fue cuando el Lara qued√≥ cu√±ape duro",positive
1975023780914434143,"Da un pasito hacia atr√°s y ve el panorama. Para el debate, cada participante se plante√≥ un objetivo y me parece que el que tuvo mas temple para cumplirlo, fue Lara. Dudo que JP haya cumplido el suyo.",positive
1975022925440049278,"Que debate viste, JP aplast√≥ al initil de Lara",positive
1975022773136507048,"Da un pasito hacia atr√°s y ve el panorama. Para el debate, cada participante se plante√≥ un objetivo y me parece que el que tuvo mas temple para cumplirlo, fue Lara. Dudo que JP haya cumplido el suyo. https://t.co/oNwmAVOqau",positive